prime,target,lexicality,type,rel,condition
NICOTINE,snee,2,nw,nw,nonword
STEP,motion,1,first,un,unrelated
PHONY,troken,2,nw,nw,nonword
SCARE,jail,1,first,un,unrelated
EYEBALL,socket,1,first,rel,related
HOTEL,motel,1,first,rel,related
PEBBLE,unlerspand,2,nw,nw,nonword
BRAND,derfect,2,nw,nw,nonword
LATE,think,1,first,un,unrelated
MEMBER,club,1,first,rel,related
REAPPEAR,disappear,1,first,rel,related
BOILED,pick,1,first,un,unrelated
ATLAS,map,1,first,rel,related
EYEBROWS,son,1,first,un,unrelated
LABYRINTH,make,1,first,un,unrelated
PADDLE,sare,2,nw,nw,nonword
SHOW,tell,1,first,rel,related
TOAD,frog,1,first,rel,related
FURY,shib,2,nw,nw,nonword
REGULAR,irregular,1,first,rel,related
GLOVES,arleep,2,nw,nw,nonword
STAND,wrine,2,nw,nw,nonword
CUSTARD,race,1,first,un,unrelated
COLESLAW,georme,2,nw,nw,nonword
ORDERLY,pemperanure,2,nw,nw,nonword
EAST,west,1,first,rel,related
PRECISE,leader,1,first,un,unrelated
OCEAN,print,1,first,un,unrelated
DECREASE,rules,1,first,un,unrelated
TECHNIQUE,style,1,first,rel,related
